{
  "Modify item in cart" : {
    "transaction" : "Modify item in cart",
    "sampleCount" : 20,
    "errorCount" : 0,
    "errorPct" : 0.0,
    "meanResTime" : 1422.6499999999999,
    "medianResTime" : 1409.0,
    "minResTime" : 487.0,
    "maxResTime" : 2583.0,
    "pct1ResTime" : 2094.0,
    "pct2ResTime" : 2558.5999999999995,
    "pct3ResTime" : 2583.0,
    "throughput" : 1.7296549338406988,
    "receivedKBytesPerSec" : 0.4320759102309089,
    "sentKBytesPerSec" : 0.4391701980454899
  },
  "Debug Sampler" : {
    "transaction" : "Debug Sampler",
    "sampleCount" : 80,
    "errorCount" : 0,
    "errorPct" : 0.0,
    "meanResTime" : 0.3625000000000001,
    "medianResTime" : 0.0,
    "minResTime" : 0.0,
    "maxResTime" : 9.0,
    "pct1ResTime" : 1.0,
    "pct2ResTime" : 1.0,
    "pct3ResTime" : 9.0,
    "throughput" : 3.6614948052542453,
    "receivedKBytesPerSec" : 1.3507125612156163,
    "sentKBytesPerSec" : 0.0
  },
  "Check cart" : {
    "transaction" : "Check cart",
    "sampleCount" : 20,
    "errorCount" : 0,
    "errorPct" : 0.0,
    "meanResTime" : 835.05,
    "medianResTime" : 689.0,
    "minResTime" : 300.0,
    "maxResTime" : 2971.0,
    "pct1ResTime" : 1752.6000000000008,
    "pct2ResTime" : 2911.949999999999,
    "pct3ResTime" : 2971.0,
    "throughput" : 1.6253555465258025,
    "receivedKBytesPerSec" : 0.7162516507517269,
    "sentKBytesPerSec" : 0.25872358797236894
  },
  "Get single product" : {
    "transaction" : "Get single product",
    "sampleCount" : 60,
    "errorCount" : 0,
    "errorPct" : 0.0,
    "meanResTime" : 656.3333333333336,
    "medianResTime" : 568.5,
    "minResTime" : 309.0,
    "maxResTime" : 1579.0,
    "pct1ResTime" : 1224.1999999999994,
    "pct2ResTime" : 1533.7999999999993,
    "pct3ResTime" : 1579.0,
    "throughput" : 13.651877133105803,
    "receivedKBytesPerSec" : 243.29515962741755,
    "sentKBytesPerSec" : 2.4397397610921505
  },
  "Total" : {
    "transaction" : "Total",
    "sampleCount" : 300,
    "errorCount" : 0,
    "errorPct" : 0.0,
    "meanResTime" : 910.17,
    "medianResTime" : 548.5,
    "minResTime" : 0.0,
    "maxResTime" : 3256.0,
    "pct1ResTime" : 2509.0,
    "pct2ResTime" : 2787.8,
    "pct3ResTime" : 3164.6200000000013,
    "throughput" : 10.69594980034227,
    "receivedKBytesPerSec" : 44.879815405733034,
    "sentKBytesPerSec" : 1.4323937981317743
  },
  "Add item to cart" : {
    "transaction" : "Add item to cart",
    "sampleCount" : 20,
    "errorCount" : 0,
    "errorPct" : 0.0,
    "meanResTime" : 2451.0499999999993,
    "medianResTime" : 2482.0,
    "minResTime" : 779.0,
    "maxResTime" : 3256.0,
    "pct1ResTime" : 3148.3,
    "pct2ResTime" : 3251.5,
    "pct3ResTime" : 3256.0,
    "throughput" : 1.4073604953908945,
    "receivedKBytesPerSec" : 0.5455583482865386,
    "sentKBytesPerSec" : 0.3642095032017451
  },
  "Create cart" : {
    "transaction" : "Create cart",
    "sampleCount" : 20,
    "errorCount" : 0,
    "errorPct" : 0.0,
    "meanResTime" : 2078.2499999999995,
    "medianResTime" : 2280.5,
    "minResTime" : 620.0,
    "maxResTime" : 2909.0,
    "pct1ResTime" : 2587.6000000000004,
    "pct2ResTime" : 2894.0,
    "pct3ResTime" : 2909.0,
    "throughput" : 1.4128284826222097,
    "receivedKBytesPerSec" : 0.5669940087242159,
    "sentKBytesPerSec" : 0.31043594588866913
  },
  "Get all products" : {
    "transaction" : "Get all products",
    "sampleCount" : 60,
    "errorCount" : 0,
    "errorPct" : 0.0,
    "meanResTime" : 1211.583333333333,
    "medianResTime" : 525.5,
    "minResTime" : 296.0,
    "maxResTime" : 3256.0,
    "pct1ResTime" : 2899.1,
    "pct2ResTime" : 2962.6,
    "pct3ResTime" : 3256.0,
    "throughput" : 6.126825283365669,
    "receivedKBytesPerSec" : 12.415496879148373,
    "sentKBytesPerSec" : 0.8615848054732973
  },
  "Get cart item" : {
    "transaction" : "Get cart item",
    "sampleCount" : 20,
    "errorCount" : 0,
    "errorPct" : 0.0,
    "meanResTime" : 1260.3500000000001,
    "medianResTime" : 1159.5,
    "minResTime" : 303.0,
    "maxResTime" : 2313.0,
    "pct1ResTime" : 2151.9000000000005,
    "pct2ResTime" : 2305.7999999999997,
    "pct3ResTime" : 2313.0,
    "throughput" : 1.514807240778611,
    "receivedKBytesPerSec" : 0.6681276272438083,
    "sentKBytesPerSec" : 0.24112654320987656
  }
}